<beans xmlns="http://www.springframework.org/schema/beans"
	xmlns:context="http://www.springframework.org/schema/context"
	xmlns:mvc="http://www.springframework.org/schema/mvc" xmlns:xsi="http://www.w3.org/2001/XMLSchema-instance"
	xsi:schemaLocation="
        http://www.springframework.org/schema/beans
        http://www.springframework.org/schema/beans/spring-beans-3.0.xsd
        http://www.springframework.org/schema/context
        http://www.springframework.org/schema/context/spring-context-3.0.xsd
        http://www.springframework.org/schema/mvc
        https://www.springframework.org/mvc/spring-mvc.xsd">
	<mvc:annotation-driven/> 
<!-- 	<bean id="multipartResolver" -->
<!-- 		class="org.springframework.web.multipart.commons.CommonsMultipartResolver"> -->
<!-- 		<property name="maxUploadSize" value="10000000000" /> -->
<!-- 	</bean> -->
<!-- 	<mvc:interceptors> -->
<!-- 		<mvc:interceptor> -->
<!-- 			<mvc:mapping path="/**"/> -->
<!-- 			<mvc:exclude-mapping path="/**/logMeIn"/> -->
<!-- 			<mvc:exclude-mapping path="/**/loginForm"/> -->
<!-- 			<bean class="easyupload.interceptor.LoginInterceptor"></bean> -->
<!-- 		</mvc:interceptor> -->
<!-- 	</mvc:interceptors> -->
</beans>